INSERT INTO COUNTRY (ID, NAME) VALUES (1, 'Germany');
INSERT INTO COUNTRY (ID, NAME) VALUES (2, 'Poland');
INSERT INTO COUNTRY (ID, NAME) VALUES (3, 'Czech Republic');

INSERT INTO REGION (ID, NAME, COUNTRY_ID) VALUES (1, 'Bavaria', 1);
INSERT INTO REGION (ID, NAME, COUNTRY_ID) VALUES (2, 'Hesse', 1);
INSERT INTO REGION (ID, NAME, COUNTRY_ID) VALUES (3, 'Saarland', 1);
INSERT INTO REGION (ID, NAME, COUNTRY_ID) VALUES (4, 'Lesser Poland', 2);
INSERT INTO REGION (ID, NAME, COUNTRY_ID) VALUES (5, 'Masovia', 2);
INSERT INTO REGION (ID, NAME, COUNTRY_ID) VALUES (6, 'Silesia', 2);
INSERT INTO REGION (ID, NAME, COUNTRY_ID) VALUES (7, 'Liberec', 3);
INSERT INTO REGION (ID, NAME, COUNTRY_ID) VALUES (8, 'Karlovy Vary', 3);
INSERT INTO REGION (ID, NAME, COUNTRY_ID) VALUES (9, 'Zlin', 3);

INSERT INTO BRAND (ID, NAME) VALUES (1, 'Audi');
INSERT INTO BRAND (ID, NAME) VALUES (2, 'BMW');
INSERT INTO BRAND (ID, NAME) VALUES (3, 'Citroen');
INSERT INTO BRAND (ID, NAME) VALUES (4, 'Dacia');

INSERT INTO MODEL (ID, NAME, BRAND_ID) VALUES (1, 'A1', 1);
INSERT INTO MODEL (ID, NAME, BRAND_ID) VALUES (2, 'A3', 1);
INSERT INTO MODEL (ID, NAME, BRAND_ID) VALUES (3, 'A4', 1);
INSERT INTO MODEL (ID, NAME, BRAND_ID) VALUES (4, 'Series 3', 2);
INSERT INTO MODEL (ID, NAME, BRAND_ID) VALUES (5, 'Series 5', 2);
INSERT INTO MODEL (ID, NAME, BRAND_ID) VALUES (6, 'Series 7', 2);
INSERT INTO MODEL (ID, NAME, BRAND_ID) VALUES (7, 'C1', 3);
INSERT INTO MODEL (ID, NAME, BRAND_ID) VALUES (8, 'C2', 3);
INSERT INTO MODEL (ID, NAME, BRAND_ID) VALUES (9, 'C3', 3);
INSERT INTO MODEL (ID, NAME, BRAND_ID) VALUES (10, 'Duster', 4);
INSERT INTO MODEL (ID, NAME, BRAND_ID) VALUES (11, 'Logan', 4);
INSERT INTO MODEL (ID, NAME, BRAND_ID) VALUES (12, 'Sandero', 4);

INSERT INTO ADVERT (ID, MODEL_ID, REGION_ID, YEAR, PRICE, IMAGE_URL) VALUES (1, 1, 1, 2011, 25000, 'assets/images/audi_a1_1.jpg');
INSERT INTO ADVERT (ID, MODEL_ID, REGION_ID, YEAR, PRICE, IMAGE_URL) VALUES (2, 1, 2, 2012, 27000, 'assets/images/audi_a1_2.jpg');
INSERT INTO ADVERT (ID, MODEL_ID, REGION_ID, YEAR, PRICE, IMAGE_URL) VALUES (3, 1, 3, 2013, 35000, 'assets/images/audi_a1_3.jpg');
INSERT INTO ADVERT (ID, MODEL_ID, REGION_ID, YEAR, PRICE, IMAGE_URL) VALUES (4, 1, 4, 2011, 35000, 'assets/images/audi_a1_4.jpg');
INSERT INTO ADVERT (ID, MODEL_ID, REGION_ID, YEAR, PRICE, IMAGE_URL) VALUES (5, 2, 5, 2010, 25000, 'assets/images/audi_a3_1.jpg');
INSERT INTO ADVERT (ID, MODEL_ID, REGION_ID, YEAR, PRICE, IMAGE_URL) VALUES (6, 2, 6, 2013, 35000, 'assets/images/audi_a3_2.jpg');
INSERT INTO ADVERT (ID, MODEL_ID, REGION_ID, YEAR, PRICE, IMAGE_URL) VALUES (7, 2, 7, 2012, 25000, 'assets/images/audi_a3_3.jpg');
INSERT INTO ADVERT (ID, MODEL_ID, REGION_ID, YEAR, PRICE, IMAGE_URL) VALUES (8, 3, 8, 2014, 55000, 'assets/images/audi_a4_1.jpg');
INSERT INTO ADVERT (ID, MODEL_ID, REGION_ID, YEAR, PRICE, IMAGE_URL) VALUES (9, 3, 9, 2015, 65000, 'assets/images/audi_a4_2.jpg');
INSERT INTO ADVERT (ID, MODEL_ID, REGION_ID, YEAR, PRICE, IMAGE_URL) VALUES (10, 4, 1, 2013, 45000, 'assets/images/bmw_s3_1.jpg');
INSERT INTO ADVERT (ID, MODEL_ID, REGION_ID, YEAR, PRICE, IMAGE_URL) VALUES (11, 4, 2, 2012, 55000, 'assets/images/bmw_s3_2.jpg');
INSERT INTO ADVERT (ID, MODEL_ID, REGION_ID, YEAR, PRICE, IMAGE_URL) VALUES (12, 5, 3, 2014, 45000, 'assets/images/bmw_s5_1.jpg');
INSERT INTO ADVERT (ID, MODEL_ID, REGION_ID, YEAR, PRICE, IMAGE_URL) VALUES (13, 5, 4, 2011, 35000, 'assets/images/bmw_s5_2.jpg');
INSERT INTO ADVERT (ID, MODEL_ID, REGION_ID, YEAR, PRICE, IMAGE_URL) VALUES (14, 6, 5, 2012, 45000, 'assets/images/bmw_s7_1.jpg');
INSERT INTO ADVERT (ID, MODEL_ID, REGION_ID, YEAR, PRICE, IMAGE_URL) VALUES (15, 6, 6, 2014, 55000, 'assets/images/bmw_s7_2.jpg');
INSERT INTO ADVERT (ID, MODEL_ID, REGION_ID, YEAR, PRICE, IMAGE_URL) VALUES (16, 6, 7, 2013, 45000, 'assets/images/bmw_s7_3.jpg');
INSERT INTO ADVERT (ID, MODEL_ID, REGION_ID, YEAR, PRICE, IMAGE_URL) VALUES (17, 7, 8, 2014, 15000, 'assets/images/citroen_c1_1.jpg');
INSERT INTO ADVERT (ID, MODEL_ID, REGION_ID, YEAR, PRICE, IMAGE_URL) VALUES (18, 7, 9, 2012, 25000, 'assets/images/citroen_c1_2.jpg');
INSERT INTO ADVERT (ID, MODEL_ID, REGION_ID, YEAR, PRICE, IMAGE_URL) VALUES (19, 8, 1, 2011, 35000, 'assets/images/citroen_c2_1.jpg');
INSERT INTO ADVERT (ID, MODEL_ID, REGION_ID, YEAR, PRICE, IMAGE_URL) VALUES (20, 8, 2, 2014, 25000, 'assets/images/citroen_c2_2.jpg');
INSERT INTO ADVERT (ID, MODEL_ID, REGION_ID, YEAR, PRICE, IMAGE_URL) VALUES (21, 9, 3, 2011, 15000, 'assets/images/citroen_c3_1.jpg');
INSERT INTO ADVERT (ID, MODEL_ID, REGION_ID, YEAR, PRICE, IMAGE_URL) VALUES (22, 9, 4, 2012, 25000, 'assets/images/citroen_c3_2.jpg');
INSERT INTO ADVERT (ID, MODEL_ID, REGION_ID, YEAR, PRICE, IMAGE_URL) VALUES (23, 9, 5, 2014, 15000, 'assets/images/citroen_c3_3.jpg');
INSERT INTO ADVERT (ID, MODEL_ID, REGION_ID, YEAR, PRICE, IMAGE_URL) VALUES (24, 10, 6, 2013, 25000, 'assets/images/dacia_duster_1.jpg');
INSERT INTO ADVERT (ID, MODEL_ID, REGION_ID, YEAR, PRICE, IMAGE_URL) VALUES (25, 10, 7, 2014, 45000, 'assets/images/dacia_duster_2.jpg');
INSERT INTO ADVERT (ID, MODEL_ID, REGION_ID, YEAR, PRICE, IMAGE_URL) VALUES (26, 11, 8, 2015, 55000, 'assets/images/dacia_logan_1.jpg');
INSERT INTO ADVERT (ID, MODEL_ID, REGION_ID, YEAR, PRICE, IMAGE_URL) VALUES (27, 11, 9, 2013, 35000, 'assets/images/dacia_logan_2.jpg');
INSERT INTO ADVERT (ID, MODEL_ID, REGION_ID, YEAR, PRICE, IMAGE_URL) VALUES (28, 12, 1, 2010, 15000, 'assets/images/dacia_sandero_1.jpg');
INSERT INTO ADVERT (ID, MODEL_ID, REGION_ID, YEAR, PRICE, IMAGE_URL) VALUES (29, 12, 2, 2012, 25000, 'assets/images/dacia_sandero_2.jpg');